{"G1": {"In Model": {"MSE": 0.025650816145677102, "RMSE": 0.16015872172840637, "R2": 0.9742134652503776}, "Out Model": {"MSE": 0.0015200912156218306, "RMSE": 0.03898834717735327, "R2": 0.9984718659737135}}, "G2": {"In Model": {"MSE": 0.0756466954770133, "RMSE": 0.2750394434931348, "R2": 0.9239530574569708}, "Out Model": {"MSE": 0.0023161433450370615, "RMSE": 0.04812632694313022, "R2": 0.9976716019282696}}, "G3": {"In Model": {"MSE": 0.11691053685173242, "RMSE": 0.3419218285686546, "R2": 0.8824708888792108}}, "G4": {"In Model": {"MSE": 0.04382439694969522, "RMSE": 0.20934277381771557, "R2": 0.9559437279341688}, "Out Model": {"MSE": 0.0010749550008482957, "RMSE": 0.03278650638369839, "R2": 0.9989193574065546}}, "G5": {"In Model": {"MSE": 0.04678355520596609, "RMSE": 0.21629506514473715, "R2": 0.9529689127559071}, "Out Model": {"MSE": 0.0016617608947712475, "RMSE": 0.04076470157834162, "R2": 0.9983294467195422}}, "G6": {"In Model": {"MSE": 0.07489090813581444, "RMSE": 0.27366203268961964, "R2": 0.9247128436729908}, "Out Model": {"MSE": 0.007645803650080856, "RMSE": 0.08744028619624283, "R2": 0.9923137423623526}}, "G7": {"In Model": {"MSE": 0.09763335576991009, "RMSE": 0.31246336708470335, "R2": 0.9018500656281327}}, "G8": {"In Model": {"MSE": 0.05008197011968531, "RMSE": 0.22379001344940597, "R2": 0.9496530459114274}, "Out Model": {"MSE": 0.0018077383925761013, "RMSE": 0.04251750689511441, "R2": 0.998182696854024}}, "G9": {"In Model": {"MSE": 0.02012509457226242, "RMSE": 0.1418629429141466, "R2": 0.9797684234458738}, "Out Model": {"MSE": 0.0066969791406824635, "RMSE": 0.08183507280306203, "R2": 0.9932675871072504}}, "G10": {"In Model": {"MSE": 0.021877586335543035, "RMSE": 0.14791073772902033, "R2": 0.9780066592394012}, "Out Model": {"MSE": 0.0004886854054170402, "RMSE": 0.022106230013664477, "R2": 0.9995087289575173}}, "G11": {"In Model": {"MSE": 0.03745678875956981, "RMSE": 0.19353756420801055, "R2": 0.9623450271729193}, "Out Model": {"MSE": 0.008925610746869855, "RMSE": 0.09447545049836945, "R2": 0.991027163799443}}, "G12": {"In Model": {"MSE": 0.0486109140773697, "RMSE": 0.220478829091071, "R2": 0.9511318853190464}, "Out Model": {"MSE": 0.0015601472604309119, "RMSE": 0.03949869947771587, "R2": 0.9984315979921594}}, "G13": {"In Model": {"MSE": 0.12942522669222295, "RMSE": 0.35975717740195673, "R2": 0.869889983748559}}, "G14": {"In Model": {"MSE": 0.03250504373405471, "RMSE": 0.18029155203185399, "R2": 0.967322971907564}, "Out Model": {"MSE": 0.0038795070955008272, "RMSE": 0.06228568933150557, "R2": 0.9960999664119304}}, "G15": {"In Model": {"MSE": 0.02124914690291724, "RMSE": 0.14577087124291066, "R2": 0.97863842374839}, "Out Model": {"MSE": 0.01381613032019945, "RMSE": 0.11754203639634396, "R2": 0.9861107684611752}}, "G16": {"In Model": {"MSE": 0.01651544201181791, "RMSE": 0.12851241967925867, "R2": 0.9833971746971143}, "Out Model": {"MSE": 0.000920219078930945, "RMSE": 0.030335112970466174, "R2": 0.9990749120370536}}, "G17": {"In Model": {"MSE": 0.04753043777267462, "RMSE": 0.21801476503364312, "R2": 0.9522180784295864}, "Out Model": {"MSE": 0.002907942808797193, "RMSE": 0.05392534477216806, "R2": 0.9970766712504155}}, "G18": {"In Model": {"MSE": 0.030111330885273114, "RMSE": 0.173526167724851, "R2": 0.9697293499036936}, "Out Model": {"MSE": 0.0005972908477397066, "RMSE": 0.02443953452379375, "R2": 0.9993995488832247}}, "G19": {"In Model": {"MSE": 0.023406058909996537, "RMSE": 0.15299038829284844, "R2": 0.9764700995084691}, "Out Model": {"MSE": 0.007894864668481934, "RMSE": 0.0888530509801545, "R2": 0.9920633635607854}}, "G20": {"In Model": {"MSE": 0.021807118114953252, "RMSE": 0.14767233361382642, "R2": 0.978077500307719}, "Out Model": {"MSE": 0.007723890581737358, "RMSE": 0.08788566766963404, "R2": 0.9922352422723275}}, "G21": {"In Model": {"MSE": 0.012146178023979876, "RMSE": 0.11020970022634068, "R2": 0.9877895564838297}, "Out Model": {"MSE": 0.0035533170499041774, "RMSE": 0.059609706004175006, "R2": 0.9964278823307842}}, "G22": {"In Model": {"MSE": 0.019382647707535606, "RMSE": 0.13922157773684224, "R2": 0.9805147986008901}, "Out Model": {"MSE": 0.0010908817526931352, "RMSE": 0.0330284990984019, "R2": 0.9989033463861815}}, "G23": {"In Model": {"MSE": 0.013604305005019973, "RMSE": 0.1166374939932266, "R2": 0.986323714545218}, "Out Model": {"MSE": 0.00030138406363982494, "RMSE": 0.01736041657448994, "R2": 0.9996970213116848}}, "G24": {"In Model": {"MSE": 0.01817388448050563, "RMSE": 0.13481055033084624, "R2": 0.9817299574005499}, "Out Model": {"MSE": 0.0003126527589510444, "RMSE": 0.01768198967738202, "R2": 0.9996856929936471}}, "G25": {"In Model": {"MSE": 0.04629247465778414, "RMSE": 0.215156860587303, "R2": 0.9534625916138678}, "Out Model": {"MSE": 0.0036838605359631716, "RMSE": 0.060694814737036404, "R2": 0.9962966481384498}}, "G26": {"In Model": {"MSE": 0.03609115335374815, "RMSE": 0.1899767179255083, "R2": 0.9637178881628987}, "Out Model": {"MSE": 0.0019676175701406006, "RMSE": 0.04435783549882254, "R2": 0.9980219717548852}}, "G27": {"In Model": {"MSE": 0.04011019643606908, "RMSE": 0.20027530161272777, "R2": 0.9596775803023644}, "Out Model": {"MSE": 0.002846042640305244, "RMSE": 0.053348314315498704, "R2": 0.9971388989330264}}, "G28": {"In Model": {"MSE": 0.02077771087307581, "RMSE": 0.1441447566617524, "R2": 0.9791123541487597}, "Out Model": {"MSE": 0.0010162063344922277, "RMSE": 0.031877991381080266, "R2": 0.9989784169124152}}, "G29": {"In Model": {"MSE": 0.015411678495265424, "RMSE": 0.12414378154086263, "R2": 0.9845067782322728}, "Out Model": {"MSE": 0.0005998782718099391, "RMSE": 0.02449241253551677, "R2": 0.99939694776908}}, "G30": {"In Model": {"MSE": 0.041914339229699976, "RMSE": 0.20472991776899627, "R2": 0.9578638917796667}, "Out Model": {"MSE": 0.002046707694814389, "RMSE": 0.04524055365282778, "R2": 0.9979424631639432}}, "G31": {"In Model": {"MSE": 0.03635403995831893, "RMSE": 0.1906673542018112, "R2": 0.9634536106239122}, "Out Model": {"MSE": 0.004698807541623, "RMSE": 0.06854784855575702, "R2": 0.9952763310428129}}, "G32": {"In Model": {"MSE": 0.05908758509397247, "RMSE": 0.24307938023199843, "R2": 0.9405997821806626}, "Out Model": {"MSE": 0.010711091378129353, "RMSE": 0.10349440264154074, "R2": 0.9892322361807165}}, "G33": {"In Model": {"MSE": 0.08003802384681127, "RMSE": 0.2829099217892707, "R2": 0.9195384945455336}, "Out Model": {"MSE": 0.005097685378109065, "RMSE": 0.0713980768516146, "R2": 0.9948753427415835}}, "G34": {"In Model": {"MSE": 0.020145985082252956, "RMSE": 0.1419365530166664, "R2": 0.9797474224040843}, "Out Model": {"MSE": 0.005216361636771073, "RMSE": 0.07222438394871272, "R2": 0.994756038566209}}, "G35": {"In Model": {"MSE": 0.08922989779887142, "RMSE": 0.2987137388853606, "R2": 0.9102979863397589}}, "G36": {"In Model": {"MSE": 0.023190947676976322, "RMSE": 0.15228574351191357, "R2": 0.9766863488961613}, "Out Model": {"MSE": 0.00019201504809746072, "RMSE": 0.013856949451356916, "R2": 0.9998069689992671}}, "G37": {"In Model": {"MSE": 0.024123210459416976, "RMSE": 0.15531648482829175, "R2": 0.9757491535064062}, "Out Model": {"MSE": 0.00037198683300951205, "RMSE": 0.019286960180637903, "R2": 0.9996260449826888}}, "G38": {"In Model": {"MSE": 0.055855248906012935, "RMSE": 0.23633715092217925, "R2": 0.9438492206764949}, "Out Model": {"MSE": 0.003934784013661151, "RMSE": 0.06272785675966581, "R2": 0.9960443970233036}}, "G39": {"In Model": {"MSE": 0.02273925959415628, "RMSE": 0.15079542298808768, "R2": 0.9771404268630175}, "Out Model": {"MSE": 0.0029950240278073478, "RMSE": 0.054726812695490935, "R2": 0.9969891292842148}}, "G40": {"In Model": {"MSE": 0.13376566404627663, "RMSE": 0.36573988577440747, "R2": 0.8655265811174997}}, "G41": {"In Model": {"MSE": 0.019490243761601633, "RMSE": 0.13960746313002623, "R2": 0.9804066332555328}, "Out Model": {"MSE": 0.0004897035698752718, "RMSE": 0.02212924693421066, "R2": 0.9995077054059455}}, "G42": {"In Model": {"MSE": 0.0273565974757666, "RMSE": 0.16539829949478502,