{"G1": {"MSE": 0.025650816145677102, "RMSE": 0.16015872172840637, "R2": 0.9742134652503776}, "G2": {"MSE": 0.0756466954770133, "RMSE": 0.2750394434931348, "R2": 0.9239530574569708}, "G3": {"MSE": 0.11691053685173242, "RMSE": 0.3419218285686546, "R2": 0.8824708888792108}, "G4": {"MSE": 0.04382439694969522, "RMSE": 0.20934277381771557, "R2": 0.9559437279341688}, "G5": {"MSE": 0.04678355520596609, "RMSE": 0.21629506514473715, "R2": 0.9529689127559071}, "G6": {"MSE": 0.07489090813581444, "RMSE": 0.27366203268961964, "R2": 0.9247128436729908}, "G7": {"MSE": 0.09763335576991009, "RMSE": 0.31246336708470335, "R2": 0.9018500656281327}, "G8": {"MSE": 0.05008197011968531, "RMSE": 0.22379001344940597, "R2": 0.9496530459114274}, "G9": {"MSE": 0.02012509457226242, "RMSE": 0.1418629429141466, "R2": 0.9797684234458738}, "G10": {"MSE": 0.021877586335543035, "RMSE": 0.14791073772902033, "R2": 0.9780066592394012}, "G11": {"MSE": 0.03745678875956981, "RMSE": 0.19353756420801055, "R2": 0.9623450271729193}, "G12": {"MSE": 0.0486109140773697, "RMSE": 0.220478829091071, "R2": 0.9511318853190464}, "G13": {"MSE": 0.12942522669222295, "RMSE": 0.35975717740195673, "R2": 0.869889983748559}, "G14": {"MSE": 0.03250504373405471, "RMSE": 0.18029155203185399, "R2": 0.967322971907564}, "G15": {"MSE": 0.02124914690291724, "RMSE": 0.14577087124291066, "R2": 0.97863842374839}, "G16": {"MSE": 0.01651544201181791, "RMSE": 0.12851241967925867, "R2": 0.9833971746971143}, "G17": {"MSE": 0.04753043777267462, "RMSE": 0.21801476503364312, "R2": 0.9522180784295864}, "G18": {"MSE": 0.030111330885273114, "RMSE": 0.173526167724851, "R2": 0.9697293499036936}, "G19": {"MSE": 0.023406058909996537, "RMSE": 0.15299038829284844, "R2": 0.9764700995084691}, "G20": {"MSE": 0.021807118114953252, "RMSE": 0.14767233361382642, "R2": 0.978077500307719}, "G21": {"MSE": 0.012146178023979876, "RMSE": 0.11020970022634068, "R2": 0.9877895564838297}, "G22": {"MSE": 0.019382647707535606, "RMSE": 0.13922157773684224, "R2": 0.9805147986008901}, "G23": {"MSE": 0.013604305005019973, "RMSE": 0.1166374939932266, "R2": 0.986323714545218}, "G24": {"MSE": 0.01817388448050563, "RMSE": 0.13481055033084624, "R2": 0.9817299574005499}, "G25": {"MSE": 0.04629247465778414, "RMSE": 0.215156860587303, "R2": 0.9534625916138678}, "G26": {"MSE": 0.03609115335374815, "RMSE": 0.1899767179255083, "R2": 0.9637178881628987}, "G27": {"MSE": 0.04011019643606908, "RMSE": 0.20027530161272777, "R2": 0.9596775803023644}, "G28": {"MSE": 0.02077771087307581, "RMSE": 0.1441447566617524, "R2": 0.9791123541487597}, "G29": {"MSE": 0.015411678495265424, "RMSE": 0.12414378154086263, "R2": 0.9845067782322728}, "G30": {"MSE": 0.041914339229699976, "RMSE": 0.20472991776899627, "R2": 0.9578638917796667}, "G31": {"MSE": 0.03635403995831893, "RMSE": 0.1906673542018112, "R2": 0.9634536106239122}, "G32": {"MSE": 0.05908758509397247, "RMSE": 0.24307938023199843, "R2": 0.9405997821806626}, "G33": {"MSE": 0.08003802384681127, "RMSE": 0.2829099217892707, "R2": 0.9195384945455336}, "G34": {"MSE": 0.020145985082252956, "RMSE": 0.1419365530166664, "R2": 0.9797474224040843}, "G35": {"MSE": 0.08922989779887142, "RMSE": 0.2987137388853606, "R2": 0.9102979863397589}, "G36": {"MSE": 0.023190947676976322, "RMSE": 0.15228574351191357, "R2": 0.9766863488961613}, "G37": {"MSE": 0.024123210459416976, "RMSE": 0.15531648482829175, "R2": 0.9757491535064062}, "G38": {"MSE": 0.055855248906012935, "RMSE": 0.23633715092217925, "R2": 0.9438492206764949}, "G39": {"MSE": 0.02273925959415628, "RMSE": 0.15079542298808768, "R2": 0.9771404268630175}, "G40": {"MSE": 0.13376566404627663, "RMSE": 0.36573988577440747, "R2": 0.8655265811174997}, "G41": {"MSE": 0.019490243761601633, "RMSE": 0.13960746313002623, "R2": 0.9804066332555328}, "G42": {"MSE": 0.0273565974757666, "RMSE": 0.16539829949478502, "R2": 0.9724986586222453}, "G43": {"MSE": 0.02738005400510416, "RMSE": 0.16546919352285536, "R2": 0.9724750779842868}, "G44": {"MSE": 0.01939609945181092, "RMSE": 0.13926987991597795, "R2": 0.9805012756833646}, "G45": {"MSE": 0.0536620839412738, "RMSE": 0.23165078014389204, "R2": 0.9460539896886666}, "G46": {"MSE": 0.02082654851316205, "RMSE": 0.14431406207699252, "R2": 0.9790632581084614}, "G47": {"MSE": 0.017092306809687728, "RMSE": 0.13073754934863865, "R2": 0.9828172577045468}, "G48": {"MSE": 0.019409356756081093, "RMSE": 0.13931746751962257, "R2": 0.9804879482346275}, "G49": {"MSE": 0.020618224180372194, "RMSE": 0.14359047384966803, "R2": 0.9792726846863984}, "G50": {"MSE": 0.025074903065386105, "RMSE": 0.1583505701454406, "R2": 0.9747924254898235}, "G51": {"MSE": 0.029741299247558403, "RMSE": 0.17245665904092658, "R2": 0.9701013393807614}, "G52": {"MSE": 0.0304272558752601, "RMSE": 0.17443410181286256, "R2": 0.9694117533529132}, "G53": {"MSE": 0.02005376277334509, "RMSE": 0.14161130877633005, "R2": 0.9798401326617165}, "G54": {"MSE": 0.08394738561024565, "RMSE": 0.289736752260126, "R2": 0.9156084483283244}, "G55": {"MSE": 0.07781432326134723, "RMSE": 0.278952188127907, "R2": 0.921773960742561}, "G56": {"MSE": 0.028264277611545402, "RMSE": 0.16811983110729503, "R2": 0.9715861759460654}, "G57": {"MSE": 0.017144775501163348, "RMSE": 0.13093805978844864, "R2": 0.9827645114009469}, "G58": {"MSE": 0.029452972548365843, "RMSE": 0.17161868356436558, "R2": 0.9703911916180449}, "G59": {"MSE": 0.02825691584507108, "RMSE": 0.16809793527902442, "R2": 0.9715935766636852}, "G60": {"MSE": 0.03387073539457884, "RMSE": 0.18404003747711759, "R2": 0.9659500543652382}, "G61": {"MSE": 0.0352970821827134, "RMSE": 0.1878751771328863, "R2": 0.9645161607687008}, "G62": {"MSE": 0.02616102220417272, "RMSE": 0.16174369293475624, "R2": 0.9737005596889269}, "G63": {"MSE": 0.024210724564663253, "RMSE": 0.15559795809927343, "R2": 0.9756611763635661}, "G64": {"MSE": 0.029976289912688164, "RMSE": 0.17313662210141495, "R2": 0.9698651053787791}, "G65": {"MSE": 0.04708717019514071, "RMSE": 0.21699578381881227, "R2": 0.9526636913382184}, "G66": {"MSE": 0.03260813360061914, "RMSE": 0.18057722337166207, "R2": 0.9672193365919701}, "G67": {"MSE": 0.11544317300957868, "RMSE": 0.3397692938003355, "R2": 0.8839460165512172}, "G68": {"MSE": 0.06848753931354809, "RMSE": 0.26170124056555044, "R2": 0.931150092753576}, "G69": {"MSE": 0.020284965230874526, "RMSE": 0.14242529701873374, "R2": 0.979607706910761}, "G70": {"MSE": 0.05224128589438642, "RMSE": 0.22856352704310987, "R2": 0.9474823051855374}, "G71": {"MSE": 0.02386792974562848, "RMSE": 0.15449249090369563, "R2": 0.976005784911802}, "G72": {"MSE": 0.012603749053384376, "RMSE": 0.11226641997224449, "R2": 0.9873295644436877}, "G73": {"MSE": 0.025028843082582512, "RMSE": 0.15820506655155678, "R2": 0.9748387291762398}, "G74": {"MSE": 0.011253107965687808, "RMSE": 0.106080667256988, "R2": 0.9886873517805255}, "G75": {"MSE": 0.030259023654765953, "RMSE": 0.17395121055849527, "R2": 0.9695808756909761}, "G76": {"MSE": 0.017456387443535504, "RMSE": 0.13212262275452868, "R2": 0.9824512507181389}, "G77": {"MSE": 0.011335671521135515, "RMSE": 0.10646911064311336, "R2": 0.9886043513808691}, "G78": {"MSE": 0.061925571301699796, "RMSE": 0.24884849065586032, "R2": 0.9377467801728944}, "G79": {"MSE": 0.012913583540890753, "RMSE": 0.11363794938703688, "R2": 0.9870180906202686}, "G80": {"MSE": 0.03368604015371209, "RMSE": 0.18353757150434374, "R2": 0.9661357268296016}, "G81": {"MSE": 0.051207682432139974, "RMSE": 0.22629114528001304, "R2": 0.9485213774491714}, "G82": {"MSE": 0.05241155686241055, "RMSE": 0.22893570464741964, "R2": 0.9473111333129206}, "G83": {"MSE": 0.02847373327128658, "RMSE": 0.16874161689188172, "R2": 0.9713756120553204}, "G84": {"MSE": 0.03154605665312303, "RMSE": 0.17761209602142256, "R2": 0.9682870329942149}, "G85": {"MSE": 0.041518809424560404, "RMSE": 0.20376164856164763, "R2": 0.958261514335098}, "G86": {"MSE": 0.038159708061165615, "RMSE": 0.1953450999159324, "R2": 0.9616383887215796}, "G87": {"MSE": 0.017175470723604452, "RMSE": 0.1310552201310747, "R2": 0.9827336537699215},