{"G1": {"MSE": 1.052478550122714, "RMSE": 1.0259037723503672, "R2": -0.05804721970008275}, "G2": {"MSE": 1.101985148722218, "RMSE": 1.0497548040958031, "R2": -0.10781575797471654}, "G3": {"MSE": 1.130180040818424, "RMSE": 1.0630992619781203, "R2": -0.1361598293941828}, "G4": {"MSE": 1.0798338107971073, "RMSE": 1.0391505236476124, "R2": -0.08554721720344127}, "G5": {"MSE": 1.0756625616219888, "RMSE": 1.0371415340357308, "R2": -0.08135389792686731}, "G6": {"MSE": 1.1009611828961539, "RMSE": 1.04926697408055, "R2": -0.10678637434004878}, "G7": {"MSE": 1.1241854117751662, "RMSE": 1.060276101671242, "R2": -0.13013348273693937}, "G8": {"MSE": 1.0808819964389023, "RMSE": 1.0396547486732806, "R2": -0.0866009488010131}, "G9": {"MSE": 1.045228873194195, "RMSE": 1.0223643544227248, "R2": -0.050759184692576786}, "G10": {"MSE": 1.0486407730897476, "RMSE": 1.0240316269968168, "R2": -0.05418913696852923}, "G11": {"MSE": 1.0715568723916935, "RMSE": 1.0351603124114126, "R2": -0.07722648547313082}, "G12": {"MSE": 1.07724768554777, "RMSE": 1.037905431890483, "R2": -0.08294740875172657}, "G13": {"MSE": 1.1407677860785226, "RMSE": 1.0680673134585303, "R2": -0.14680359447047242}, "G14": {"MSE": 1.050332998739034, "RMSE": 1.0248575504620308, "R2": -0.05589031619267959}, "G15": {"MSE": 1.0549552004789227, "RMSE": 1.027110120911542, "R2": -0.060536974026430546}, "G16": {"MSE": 1.0361124530845798, "RMSE": 1.017896091496858, "R2": -0.041594529555926796}, "G17": {"MSE": 1.0754090793411089, "RMSE": 1.0370193244781454, "R2": -0.08109907446989806}, "G18": {"MSE": 1.0576296562828125, "RMSE": 1.028411229169933, "R2": -0.06322558039012893}, "G19": {"MSE": 1.0616449295114685, "RMSE": 1.0303615528111811, "R2": -0.06726209845068287}, "G20": {"MSE": 1.0617006479672186, "RMSE": 1.030388590759437, "R2": -0.06731811171307678}, "G21": {"MSE": 1.0336008672462624, "RMSE": 1.0166616286878651, "R2": -0.03906965490365022}, "G22": {"MSE": 1.0432118031399116, "RMSE": 1.0213774048508766, "R2": -0.04873144230996407}, "G23": {"MSE": 1.0422890075936635, "RMSE": 1.0209255641787327, "R2": -0.047803764247598135}, "G24": {"MSE": 1.047747338737201, "RMSE": 1.0235953002711575, "R2": -0.05329097545009609}, "G25": {"MSE": 1.0657672987343203, "RMSE": 1.0323600625432583, "R2": -0.07140627915090403}, "G26": {"MSE": 1.0683735472050793, "RMSE": 1.0336215686628638, "R2": -0.07402631729611131}, "G27": {"MSE": 1.075595623645077, "RMSE": 1.0371092631179595, "R2": -0.08128660578076508}, "G28": {"MSE": 1.0548625362544783, "RMSE": 1.027065010724481, "R2": -0.06044381951508426}, "G29": {"MSE": 1.0403000201602972, "RMSE": 1.019950989097171, "R2": -0.04580425307119862}, "G30": {"MSE": 1.0822905406605847, "RMSE": 1.0403319377297733, "R2": -0.08801694563762497}, "G31": {"MSE": 1.0647366530657358, "RMSE": 1.0318607721324307, "R2": -0.07037018033063402}, "G32": {"MSE": 1.0982558027070117, "RMSE": 1.0479770048560282, "R2": -0.10406667997001207}, "G33": {"MSE": 1.1112031924336754, "RMSE": 1.054136230490953, "R2": -0.11708257440422432}, "G34": {"MSE": 1.0485451556415522, "RMSE": 1.0239849391673455, "R2": -0.054093013607909635}, "G35": {"MSE": 1.1204416074904444, "RMSE": 1.0585091437916085, "R2": -0.12636986996393862}, "G36": {"MSE": 1.039237801956147, "RMSE": 1.019430135887765, "R2": -0.04473641466490941}, "G37": {"MSE": 1.0459873504755706, "RMSE": 1.0227352298985162, "R2": -0.05152167508126149}, "G38": {"MSE": 1.0967696169500885, "RMSE": 1.0472676911611893, "R2": -0.10257263079638479}, "G39": {"MSE": 1.03912623648608, "RMSE": 1.019375414891923, "R2": -0.04462425890135013}, "G40": {"MSE": 1.1462954500107572, "RMSE": 1.0706518808701346, "R2": -0.15236050530181933}, "G41": {"MSE": 1.034059811889669, "RMSE": 1.0168873152368796, "R2": -0.039531027825593146}, "G42": {"MSE": 1.0525026525449912, "RMSE": 1.0259155192046718, "R2": -0.058071449648403606}, "G43": {"MSE": 1.0517533137776618, "RMSE": 1.0255502492699526, "R2": -0.05731814612569175}, "G44": {"MSE": 1.0519253477552752, "RMSE": 1.0256341198279606, "R2": -0.05749109033599087}, "G45": {"MSE": 1.0899020579828294, "RMSE": 1.0439837441180917, "R2": -0.09566873553829391}, "G46": {"MSE": 1.0412608141055586, "RMSE": 1.0204218804521779, "R2": -0.04677013058230739}, "G47": {"MSE": 1.0466714959365988, "RMSE": 1.0230696437372182, "R2": -0.05220944035954389}, "G48": {"MSE": 1.0513632318770656, "RMSE": 1.0253600498737336, "R2": -0.056926000299695634}, "G49": {"MSE": 1.0500013933734476, "RMSE": 1.024695756492359, "R2": -0.05555695630134916}, "G50": {"MSE": 1.0483281575374757, "RMSE": 1.023878976020836, "R2": -0.05387486736571612}, "G51": {"MSE": 1.055674495347699, "RMSE": 1.0274602159440038, "R2": -0.06126007468816286}, "G52": {"MSE": 1.0641731633071543, "RMSE": 1.031587690556239, "R2": -0.06980370914475809}, "G53": {"MSE": 1.0491939153351055, "RMSE": 1.0243016720356877, "R2": -0.05474520589243426}, "G54": {"MSE": 1.1177819175010326, "RMSE": 1.0572520595870374, "R2": -0.12369610754072058}, "G55": {"MSE": 1.1062728422127521, "RMSE": 1.0517950571345884, "R2": -0.11212613767419555}, "G56": {"MSE": 1.050811245868515, "RMSE": 1.0250908476171832, "R2": -0.056371093730253063}, "G57": {"MSE": 1.0448808948272785, "RMSE": 1.0221941571087552, "R2": -0.05040936517027994}, "G58": {"MSE": 1.0553674227270633, "RMSE": 1.0273107722238015, "R2": -0.060951377344666824}, "G59": {"MSE": 1.0553045119624196, "RMSE": 1.027280152617785, "R2": -0.060888133718834725}, "G60": {"MSE": 1.068120940852896, "RMSE": 1.033499366643684, "R2": -0.07377237440238216}, "G61": {"MSE": 1.0530359985735886, "RMSE": 1.0261754229046751, "R2": -0.05860761761366029}, "G62": {"MSE": 1.0486177597798827, "RMSE": 1.0240203903145106, "R2": -0.05416600189512044}, "G63": {"MSE": 1.0603189730354625, "RMSE": 1.0297179094467874, "R2": -0.06592912633194659}, "G64": {"MSE": 1.063359069979144, "RMSE": 1.0311930323557972, "R2": -0.06898530844464212}, "G65": {"MSE": 1.0721486745617657, "RMSE": 1.035446123447167, "R2": -0.0778214188716162}, "G66": {"MSE": 1.0558552501475853, "RMSE": 1.0275481741249826, "R2": -0.061441785862652365}, "G67": {"MSE": 1.121053408555619, "RMSE": 1.0587980962183579, "R2": -0.1269849080717862}, "G68": {"MSE": 1.0920824751718932, "RMSE": 1.0450274997204108, "R2": -0.09786068932624192}, "G69": {"MSE": 1.0483866191631348, "RMSE": 1.023907524712625, "R2": -0.05393363831214626}, "G70": {"MSE": 1.0592603814587014, "RMSE": 1.029203760903885, "R2": -0.06486493374155189}, "G71": {"MSE": 1.0436506577146716, "RMSE": 1.0215922169411196, "R2": -0.04917261886660107}, "G72": {"MSE": 1.0356426750273422, "RMSE": 1.0176653059957101, "R2": -0.04112226590050261}, "G73": {"MSE": 1.0474709929050936, "RMSE": 1.0234603035316483, "R2": -0.05301316747072904}, "G74": {"MSE": 1.0356206928646003, "RMSE": 1.017654505647472, "R2": -0.04110016743002154}, "G75": {"MSE": 1.0626660341635827, "RMSE": 1.0308569416575624, "R2": -0.06828860577291351}, "G76": {"MSE": 1.0428805725505421, "RMSE": 1.021215243007341, "R2": -0.04839845917779373}, "G77": {"MSE": 1.03583301406937, "RMSE": 1.0177588192049087, "R2": -0.04131361202740913}, "G78": {"MSE": 1.0700396145496842, "RMSE": 1.0344271915169692, "R2": -0.0757011998118522}, "G79": {"MSE": 1.0444177617333208, "RMSE": 1.0219675932892005, "R2": -0.04994378163667168}, "G80": {"MSE": 1.0544084214755327, "RMSE": 1.0268439129076692, "R2": -0.05998730201244018}, "G81": {"MSE": 1.0809582442626553, "RMSE": 1.0396914178075412, "R2": -0.08667760005240432}, "G82": {"MSE": 1.0856466171348993, "RMSE": 1.0419436727265536, "R2": -0.09139077913032212}, "G83": {"MSE": 1.058377864249225, "RMSE": 1.0287749337193364, "R2": -0.06397774712885052}, "G84": {"MSE": 1.060888362903008, "RMSE": 1.029994350908299, "R2": -0.06650152884429383}, "G85": {"MSE": 1.0791167729363673, "RMSE": 1.0388054548068022, "R2": -0.08482638549158605}, "G86": {"MSE": 1.0623540948141226, "RMSE": 1.0307056295636123, "R2": -0.0679750159507051}, "G87": {"MSE": 1.0564884006518926, "RMSE": 1.0278562159426252, "R2": -0.06207828636962742}, "G88": {"MSE": 1.0426259115467333,